{
  "0": {
    "angles": {
      "PINKY": {
        "PINKY_MCP": 59.09101635739748,
        "PINKY_PIP": 104.32459106170234
      },
      "RING_FINGER": {
        "RING_FINGER_MCP": 71.70811740204458,
        "RING_FINGER_PIP": 85.5368771177014
      },
      "MIDDLE_FINGER": {
        "MIDDLE_FINGER_MCP": 131.6527743321615,
        "MIDDLE_FINGER_PIP": 83.44815528850415
      },
      "INDEX_FINGER": {
        "INDEX_FINGER_MCP": 64.33048853164429,
        "INDEX_FINGER_PIP": 89.12782179471773
      },
      "THUMB": {
        "THUMB_IP": 172.76793079242802,
        "THUMB_MCP": 156.61529504857518
      }
    },
    "distances": {
      "PINKY_TIP-RING_FINGER_TIP": 0.05126544534167424,
      "RING_FINGER_TIP-MIDDLE_FINGER_TIP": 0.05697259281120202,
      "MIDDLE_FINGER_TIP-INDEX_FINGER_TIP": 0.18348895694499287,
      "INDEX_FINGER_TIP-THUMB_TIP": 0.0700440530384559
    }
  },
  "1": {
    "angles": {
      "PINKY": {
        "PINKY_MCP": 56.994645145590546,
        "PINKY_PIP": 97.71547339633268
      },
      "RING_FINGER": {
        "RING_FINGER_MCP": 69.1875606622956,
        "RING_FINGER_PIP": 74.9024794673327
      },
      "MIDDLE_FINGER": {
        "MIDDLE_FINGER_MCP": 124.81386508436988,
        "MIDDLE_FINGER_PIP": 77.26731456529272
      },
      "INDEX_FINGER": {
        "INDEX_FINGER_MCP": 62.395701534954476,
        "INDEX_FINGER_PIP": 90.95587755232732
      },
      "THUMB": {
        "THUMB_IP": 174.32684471717155,
        "THUMB_MCP": 152.49091730681081
      }
    },
    "distances": {
      "PINKY_TIP-RING_FINGER_TIP": 0.03269774410488813,
      "RING_FINGER_TIP-MIDDLE_FINGER_TIP": 0.041445989153485095,
      "MIDDLE_FINGER_TIP-INDEX_FINGER_TIP": 0.15175452113925178,
      "INDEX_FINGER_TIP-THUMB_TIP": 0.06467514027290426
    }
  }
}