{
  "0": {
    "angles": {
      "PINKY": {
        "PINKY_MCP": 10.696986567207261,
        "PINKY_PIP": 107.90755003239396
      },
      "RING_FINGER": {
        "RING_FINGER_MCP": 14.300351726515048,
        "RING_FINGER_PIP": 102.00927760981506
      },
      "MIDDLE_FINGER": {
        "MIDDLE_FINGER_MCP": 61.36576707846028,
        "MIDDLE_FINGER_PIP": 100.88049028540705
      },
      "INDEX_FINGER": {
        "INDEX_FINGER_MCP": 125.02161002240364,
        "INDEX_FINGER_PIP": 115.54997622398086
      },
      "THUMB": {
        "THUMB_IP": 177.62862615989815,
        "THUMB_MCP": 160.1599304127454
      }
    },
    "distances": {
      "PINKY_TIP-RING_FINGER_TIP": 0.03410745809508593,
      "RING_FINGER_TIP-MIDDLE_FINGER_TIP": 0.0410321248611945,
      "MIDDLE_FINGER_TIP-INDEX_FINGER_TIP": 0.23830260055676739,
      "INDEX_FINGER_TIP-THUMB_TIP": 0.2457474947843038
    }
  },
  "1": {
    "angles": {
      "PINKY": {
        "PINKY_MCP": 25.709813029384538,
        "PINKY_PIP": 96.01752571369336
      },
      "RING_FINGER": {
        "RING_FINGER_MCP": 22.165930977574394,
        "RING_FINGER_PIP": 93.08765750941453
      },
      "MIDDLE_FINGER": {
        "MIDDLE_FINGER_MCP": 50.4919025266725,
        "MIDDLE_FINGER_PIP": 92.25832293003344
      },
      "INDEX_FINGER": {
        "INDEX_FINGER_MCP": 114.93417206404116,
        "INDEX_FINGER_PIP": 133.8464460206538
      },
      "THUMB": {
        "THUMB_IP": 172.44702496807918,
        "THUMB_MCP": 159.87731801122288
      }
    },
    "distances": {
      "PINKY_TIP-RING_FINGER_TIP": 0.02553917067457052,
      "RING_FINGER_TIP-MIDDLE_FINGER_TIP": 0.04062553971171384,
      "MIDDLE_FINGER_TIP-INDEX_FINGER_TIP": 0.24906436616698885,
      "INDEX_FINGER_TIP-THUMB_TIP": 0.26469071791395254
    }
  }
}