{
  "0": {
    "angles": {
      "PINKY": {
        "PINKY_MCP": 31.63624228260921,
        "PINKY_PIP": 175.55220330720834
      },
      "RING_FINGER": {
        "RING_FINGER_MCP": 4.2132972939562885,
        "RING_FINGER_PIP": 176.3881115888848
      },
      "MIDDLE_FINGER": {
        "MIDDLE_FINGER_MCP": 20.19091379291267,
        "MIDDLE_FINGER_PIP": 170.95666654471336
      },
      "INDEX_FINGER": {
        "INDEX_FINGER_MCP": 63.353113708019166,
        "INDEX_FINGER_PIP": 169.8241627501918
      },
      "THUMB": {
        "THUMB_IP": 174.52788363538988,
        "THUMB_MCP": 175.17995897319227
      }
    },
    "distances": {
      "PINKY-RING_FINGER": 0.16077275365530347,
      "RING_FINGER-MIDDLE_FINGER": 0.05171021914427618,
      "MIDDLE_FINGER-INDEX_FINGER": 0.11119510575589805,
      "INDEX_FINGER-THUMB": 0.25151467636946734
    }
  },
  "1": {
    "angles": {
      "PINKY": {
        "PINKY_MCP": 47.3608717968815,
        "PINKY_PIP": 175.81697502678364
      },
      "RING_FINGER": {
        "RING_FINGER_MCP": 0.42888577834614255,
        "RING_FINGER_PIP": 176.74851211623195
      },
      "MIDDLE_FINGER": {
        "MIDDLE_FINGER_MCP": 31.885956653019004,
        "MIDDLE_FINGER_PIP": 172.6101909499432
      },
      "INDEX_FINGER": {
        "INDEX_FINGER_MCP": 58.21426696765989,
        "INDEX_FINGER_PIP": 175.98110987912364
      },
      "THUMB": {
        "THUMB_IP": 172.26307388600057,
        "THUMB_MCP": 179.98929949536938
      }
    },
    "distances": {
      "PINKY-RING_FINGER": 0.2609736006339846,
      "RING_FINGER-MIDDLE_FINGER": 0.007744769377084953,
      "MIDDLE_FINGER-INDEX_FINGER": 0.15727646997486988,
      "INDEX_FINGER-THUMB": 0.2520067798438366
    }
  }
}