{
  "0": {
    "angles": {
      "PINKY": {
        "PINKY_MCP": 39.90042815073544,
        "PINKY_PIP": 169.96303660034755
      },
      "RING_FINGER": {
        "RING_FINGER_MCP": 0.6102981716685548,
        "RING_FINGER_PIP": 167.05510268672367
      },
      "MIDDLE_FINGER": {
        "MIDDLE_FINGER_MCP": 19.142583749379487,
        "MIDDLE_FINGER_PIP": 174.08595745315486
      },
      "INDEX_FINGER": {
        "INDEX_FINGER_MCP": 64.82875562924377,
        "INDEX_FINGER_PIP": 172.67230054821414
      },
      "THUMB": {
        "THUMB_IP": 173.72671732358648,
        "THUMB_MCP": 170.50180452480524
      }
    },
    "distances": {
      "PINKY_TIP-RING_FINGER_TIP": 0.1457095205912046,
      "RING_FINGER_TIP-MIDDLE_FINGER_TIP": 0.13130479675723664,
      "MIDDLE_FINGER_TIP-INDEX_FINGER_TIP": 0.10896571796944364,
      "INDEX_FINGER_TIP-THUMB_TIP": 0.27772303052494934
    }
  },
  "1": {
    "angles": {
      "PINKY": {
        "PINKY_MCP": 45.67613380896494,
        "PINKY_PIP": 178.49548946364018
      },
      "RING_FINGER": {
        "RING_FINGER_MCP": 6.540636423522308,
        "RING_FINGER_PIP": 165.13015261617457
      },
      "MIDDLE_FINGER": {
        "MIDDLE_FINGER_MCP": 32.12742840707342,
        "MIDDLE_FINGER_PIP": 178.02499001553014
      },
      "INDEX_FINGER": {
        "INDEX_FINGER_MCP": 61.73077528461261,
        "INDEX_FINGER_PIP": 178.45920466410968
      },
      "THUMB": {
        "THUMB_IP": 175.20033174858162,
        "THUMB_MCP": 178.7441106763454
      }
    },
    "distances": {
      "PINKY_TIP-RING_FINGER_TIP": 0.18084420945871044,
      "RING_FINGER_TIP-MIDDLE_FINGER_TIP": 0.08724819881381111,
      "MIDDLE_FINGER_TIP-INDEX_FINGER_TIP": 0.16468408946641425,
      "INDEX_FINGER_TIP-THUMB_TIP": 0.26444064033887726
    }
  }
}